BEGIN TRANSACTION;
CREATE TABLE IF NOT EXISTS "_prisma_migrations" (
    "id"                    TEXT PRIMARY KEY NOT NULL,
    "checksum"              TEXT NOT NULL,
    "finished_at"           DATETIME,
    "migration_name"        TEXT NOT NULL,
    "logs"                  TEXT,
    "rolled_back_at"        DATETIME,
    "started_at"            DATETIME NOT NULL DEFAULT current_timestamp,
    "applied_steps_count"   INTEGER NOT NULL DEFAULT 0
);
INSERT INTO _prisma_migrations VALUES('65111500-0159-4f8d-912f-21a697981c91','54790f8d73376947bb71399035b9f4aab55273d5eaccc32eebd92e0e6489dac4',1760719088194,'20251017163808_init',NULL,NULL,1760719088193,1);
INSERT INTO _prisma_migrations VALUES('4e349bdd-81ba-4e04-906d-afe86c773892','4af14b7492e7a35f600b4806fc859feebfdf35e5da9cecd88624b7efd044cd32',1760721500582,'20251017171820_update',NULL,NULL,1760721500581,1);
INSERT INTO _prisma_migrations VALUES('01d907f2-986f-4666-b99f-fb4a8fa5f417','69955a070d6ca34a5223b929da098b94b581e462603df267b2ae10ba24d68ad3',1760722476874,'20251017173436_add_relations',NULL,NULL,1760722476872,1);
CREATE TABLE IF NOT EXISTS "Airport" (
    "code" TEXT NOT NULL PRIMARY KEY,
    "name" TEXT NOT NULL,
    "lat" REAL NOT NULL,
    "lon" REAL NOT NULL
);
INSERT INTO Airport VALUES('SEA','Seattle-Tacoma Intl',47.45020000000000237,-122.308800000000005);
INSERT INTO Airport VALUES('JFK','New York JFK',40.64130000000000109,-73.77809999999999491);
INSERT INTO Airport VALUES('EWR','Newark Liberty',40.68950000000000244,-74.17449999999999477);
INSERT INTO Airport VALUES('BOS','Boston Logan',42.36560000000000059,-71.00960000000000605);
INSERT INTO Airport VALUES('MIA','Miami Intl',25.79589999999999961,-80.28700000000000614);
INSERT INTO Airport VALUES('MCO','Orlando Intl',28.43120000000000047,-81.30809999999999605);
INSERT INTO Airport VALUES('CLT','Charlotte Douglas',35.21439999999999771,-80.94729999999999848);
INSERT INTO Airport VALUES('ATL','Atlanta Hartsfield-Jackson',33.64070000000000248,-84.42770000000000152);
INSERT INTO Airport VALUES('ORD','Chicago OHare',41.97420000000000329,-87.90730000000000644);
INSERT INTO Airport VALUES('DFW','Dallas/Fort Worth',32.89979999999999905,-97.040300000000002);
INSERT INTO Airport VALUES('DEN','Denver Intl',39.85609999999999787,-104.6736999999999967);
INSERT INTO Airport VALUES('SFO','San Francisco Intl',37.62129999999999797,-122.3790000000000048);
INSERT INTO Airport VALUES('LAX','Los Angeles Intl',33.9416000000000011,-118.4085000000000036);
INSERT INTO Airport VALUES('SAN','San Diego Intl',32.73380000000000222,-117.1932999999999936);
INSERT INTO Airport VALUES('LAS','Las Vegas Harry Reid',36.08400000000000319,-115.1537000000000006);
INSERT INTO Airport VALUES('SNA','Orange County John Wayne',33.67569999999999908,-117.8682000000000016);
INSERT INTO Airport VALUES('MSP','Minneapolis–St. Paul Intl',44.88479999999999848,-93.2223000000000041);
INSERT INTO Airport VALUES('DTW','Detroit Metro Wayne County',42.21620000000000061,-83.35540000000000304);
INSERT INTO Airport VALUES('HNL','Honolulu Intl',21.31869999999999977,-157.9225000000000137);
INSERT INTO Airport VALUES('OGG','Maui Kahului',20.89870000000000161,-156.430499999999995);
CREATE TABLE IF NOT EXISTS "Airline" (
    "code" TEXT NOT NULL PRIMARY KEY,
    "name" TEXT NOT NULL
);
INSERT INTO Airline VALUES('AA','American Airlines');
INSERT INTO Airline VALUES('DL','Delta Air Lines');
INSERT INTO Airline VALUES('UA','United Airlines');
INSERT INTO Airline VALUES('B6','jetBlue');
INSERT INTO Airline VALUES('HA','Hawaiian Airlines');
CREATE TABLE IF NOT EXISTS "Aircraft" (
    "code" TEXT NOT NULL PRIMARY KEY,
    "model" TEXT NOT NULL,
    "class" TEXT NOT NULL
);
INSERT INTO Aircraft VALUES('321T','Airbus A321-200 Transcon','');
INSERT INTO Aircraft VALUES('763','Boeing 767-300(ER)','');
INSERT INTO Aircraft VALUES('764','Boeing 767-400(ER)','');
INSERT INTO Aircraft VALUES('772','Boeing 777-200(ER)','');
INSERT INTO Aircraft VALUES('77W','Boeing 777-300(ER)','');
INSERT INTO Aircraft VALUES('788','Boeing 787-8','');
INSERT INTO Aircraft VALUES('789','Boeing 787-9','');
INSERT INTO Aircraft VALUES('78X','Boeing 787-10','');
INSERT INTO Aircraft VALUES('359','Airbus A350-900','');
INSERT INTO Aircraft VALUES('332','Airbus A330-200','');
INSERT INTO Aircraft VALUES('333','Airbus A330-300','');
INSERT INTO Aircraft VALUES('21N','Airbus A321Neo','');
CREATE TABLE IF NOT EXISTS "Route" (
    "id" INTEGER NOT NULL PRIMARY KEY SERIAL,
    "originCode" TEXT NOT NULL,
    "destCode" TEXT NOT NULL,
    "airlineCode" TEXT NOT NULL,
    "aircraftCode" TEXT NOT NULL,
    "lieFlat" BOOLEAN NOT NULL DEFAULT true,
    "frequency" TEXT NOT NULL DEFAULT 'Year-round',
    CONSTRAINT "Route_originCode_fkey" FOREIGN KEY ("originCode") REFERENCES "Airport" ("code") ON DELETE RESTRICT ON UPDATE CASCADE,
    CONSTRAINT "Route_destCode_fkey" FOREIGN KEY ("destCode") REFERENCES "Airport" ("code") ON DELETE RESTRICT ON UPDATE CASCADE,
    CONSTRAINT "Route_airlineCode_fkey" FOREIGN KEY ("airlineCode") REFERENCES "Airline" ("code") ON DELETE RESTRICT ON UPDATE CASCADE,
    CONSTRAINT "Route_aircraftCode_fkey" FOREIGN KEY ("aircraftCode") REFERENCES "Aircraft" ("code") ON DELETE RESTRICT ON UPDATE CASCADE
);
INSERT INTO Route VALUES(1,'JFK','LAX','AA','321T',1,'Year-round');
INSERT INTO Route VALUES(2,'SFO','JFK','AA','321T',1,'Year-round');
INSERT INTO Route VALUES(3,'JFK','SFO','AA','321T',1,'Year-round');
INSERT INTO Route VALUES(4,'LAX','JFK','AA','321T',1,'Year-round');
INSERT INTO Route VALUES(5,'SNA','JFK','AA','321T',1,'Year-round');
INSERT INTO Route VALUES(6,'JFK','SNA','AA','321T',1,'Year-round');
INSERT INTO Route VALUES(7,'SFO','BOS','AA','321T',1,'Year-round');
INSERT INTO Route VALUES(8,'BOS','SFO','AA','321T',1,'Year-round');
INSERT INTO Route VALUES(9,'LAX','BOS','AA','321T',1,'Year-round');
INSERT INTO Route VALUES(10,'BOS','LAX','AA','321T',1,'Year-round');
INSERT INTO Route VALUES(11,'MIA','LAX','AA','77W',1,'Year-round');
INSERT INTO Route VALUES(12,'LAX','MIA','AA','77W',1,'Year-round');
COMMIT;
